zaman,year,month,road_type,count,mean,std,min,25%,50%,75%,max
aksam,2020,1,DENİZ,10055.0,259.7094977623073,539.8148870105474,1.0,22.0,78.0,268.0,6072.0
aksam,2020,1,OTOYOL,225340.0,201.3664285080323,1461.4089669257505,1.0,16.0,55.0,168.0,82561.0
aksam,2020,1,RAYLI,5067.0,6094.401026248273,9345.317181312135,1.0,243.0,1650.0,7422.0,58757.0
aksam,2020,2,DENİZ,9383.0,279.2181605030374,608.5179677527716,1.0,22.0,81.0,277.0,7291.0
aksam,2020,2,OTOYOL,211621.0,215.37685295882733,1525.028597502963,1.0,16.0,55.0,181.0,81433.0
aksam,2020,2,RAYLI,4874.0,6206.066885514977,9382.748231339569,1.0,253.0,1913.5,7234.25,58100.0
aksam,2020,3,DENİZ,9625.0,177.14171428571427,496.6867989562956,1.0,9.0,35.0,132.0,9451.0
aksam,2020,3,OTOYOL,211606.0,139.23005491337673,1122.3481178800646,1.0,8.0,29.0,100.0,80564.0
aksam,2020,3,RAYLI,4992.0,3631.0138221153848,6947.936741114921,1.0,85.0,757.0,3553.25,58021.0
aksam,2020,4,DENİZ,6208.0,28.78076675257732,52.26852293087055,1.0,4.0,10.0,29.0,477.0
aksam,2020,4,OTOYOL,158897.0,37.81038030925694,235.1859108816146,1.0,4.0,11.0,33.0,15044.0
aksam,2020,4,RAYLI,3318.0,802.0952380952381,1060.1155351261132,1.0,34.0,389.0,1105.25,5747.0
aksam,2020,5,DENİZ,5237.0,49.50085927057476,97.83299801985697,1.0,4.0,14.0,50.0,1121.0
aksam,2020,5,OTOYOL,157742.0,45.42390739308491,357.4984945008148,1.0,4.0,12.0,36.0,25720.0
aksam,2020,5,RAYLI,3406.0,1045.4089841456253,1705.5359794434817,1.0,38.0,206.0,1316.75,10030.0
aksam,2020,6,DENİZ,9149.0,137.69308121106133,230.02839271055137,1.0,17.0,51.0,165.0,2446.0
aksam,2020,6,OTOYOL,199399.0,100.80411135462063,716.2126539902883,1.0,9.0,29.0,85.0,40753.0
aksam,2020,6,RAYLI,4263.0,2802.2481820314333,3590.19774370541,1.0,122.0,1520.0,3582.0,19225.0
aksam,2020,7,DENİZ,9933.0,202.21876573039364,321.107394311061,1.0,24.0,76.0,247.0,4016.0
aksam,2020,7,OTOYOL,208499.0,120.96131875932258,831.630095108399,1.0,11.0,36.0,104.0,44738.0
aksam,2020,7,RAYLI,4748.0,3251.0574978938503,4277.160282478357,1.0,132.0,1638.5,4170.5,24398.0
aksam,2020,8,DENİZ,9903.0,228.18570130263558,363.45586190395034,1.0,27.0,85.0,279.0,3069.0
aksam,2020,8,OTOYOL,210293.0,130.19825196273771,871.8778275418196,1.0,12.0,39.0,113.0,47146.0
aksam,2020,8,RAYLI,5253.0,3180.148676946507,4460.578719870561,1.0,125.0,1308.0,4246.0,23563.0
aksam,2020,9,DENİZ,9535.0,200.8647089669638,337.70264976691226,1.0,23.0,74.0,252.0,3177.0
aksam,2020,9,OTOYOL,208369.0,135.91263095758006,961.9168712476994,1.0,11.0,38.0,113.0,52173.0
aksam,2020,9,RAYLI,5172.0,3358.357695282289,4883.971803551792,1.0,129.0,1294.0,4224.5,25154.0
aksam,2020,10,DENİZ,9704.0,204.21960016488046,355.2337766522507,1.0,22.0,70.0,248.0,3383.0
aksam,2020,10,OTOYOL,214416.0,141.37719666442803,995.839406987083,1.0,11.0,39.0,117.0,54502.0
aksam,2020,10,RAYLI,5277.0,3631.5122228538944,5180.940157130075,1.0,143.0,1461.0,4595.0,27402.0
aksam,2020,11,DENİZ,9132.0,138.4692290845379,262.3100695622123,1.0,14.0,44.0,159.25,2823.0
aksam,2020,11,OTOYOL,203733.0,121.29830709801554,890.8040535909054,1.0,9.0,32.0,98.0,51179.0
aksam,2020,11,RAYLI,5410.0,2978.759519408503,4375.583961051347,1.0,110.0,1192.0,3682.5,24534.0
aksam,2020,12,DENİZ,8532.0,105.91678387248008,217.1888967462045,1.0,8.0,30.0,103.0,2219.0
aksam,2020,12,OTOYOL,202233.0,101.1402095602597,902.1555464366248,1.0,7.0,25.0,76.0,53614.0
aksam,2020,12,RAYLI,4991.0,2761.3456221198157,4584.207894784614,1.0,73.0,566.0,3288.5,28141.0
aksam,2021,1,DENİZ,8140.0,104.08280098280099,218.46247408959462,1.0,8.0,29.0,97.0,2394.0
aksam,2021,1,OTOYOL,194693.0,100.05243126357907,901.6139139796869,1.0,7.0,25.0,76.0,55545.0
aksam,2021,1,RAYLI,4946.0,2658.151435503437,4593.429496206267,1.0,104.0,490.5,3090.25,30833.0
aksam,2021,2,DENİZ,7810.0,132.51971830985914,263.600923707713,1.0,9.0,39.0,131.0,2851.0
aksam,2021,2,OTOYOL,174561.0,121.1852532925453,1032.41011247893,1.0,9.0,32.0,97.0,57723.0
aksam,2021,2,RAYLI,4744.0,3120.231450252951,5201.141834728264,1.0,112.0,576.5,3835.25,35006.0
aksam,2021,3,DENİZ,9410.0,165.16769394261425,320.7247000651824,1.0,13.0,49.0,178.0,3259.0
aksam,2021,3,OTOYOL,207311.0,142.20304759515898,1135.3838309580412,1.0,11.0,39.0,115.0,58455.0
aksam,2021,3,RAYLI,5546.0,3797.5137035701405,5959.3746662621425,1.0,138.0,790.5,4641.25,35424.0
aksam,2021,4,DENİZ,8310.0,128.55270758122742,271.83077582217777,1.0,9.0,37.0,120.0,3216.0
aksam,2021,4,OTOYOL,188384.0,117.38793103448276,1046.5930047280262,1.0,9.0,30.0,92.0,66605.0
aksam,2021,4,RAYLI,4936.0,3041.518233387358,5473.087869570181,1.0,120.0,571.0,3336.75,36651.0
aksam,2021,5,DENİZ,8065.0,112.14457532548047,249.27462012455337,1.0,8.0,32.0,98.0,3858.0
aksam,2021,5,OTOYOL,191967.0,88.92950871764418,714.1625610916482,1.0,7.0,22.0,69.0,51651.0
aksam,2021,5,RAYLI,4560.0,2335.8179824561403,4378.023621677291,1.0,141.0,557.0,2474.75,35037.0
aksam,2021,6,DENİZ,9259.0,222.34571768009505,380.55888230757023,1.0,23.0,77.0,268.0,3363.0
aksam,2021,6,OTOYOL,202872.0,141.59894909105248,1029.269096512689,1.0,12.0,39.0,114.0,52721.0
aksam,2021,6,RAYLI,5757.0,3629.1657113079727,6039.556647317957,1.0,146.0,579.0,4423.0,35478.0
aksam,2021,7,DENİZ,10342.0,291.0676851672791,445.2791749278701,1.0,35.0,107.0,363.75,3732.0
aksam,2021,7,OTOYOL,205965.0,147.22171728206249,973.1113983806786,1.0,14.0,44.0,128.0,54301.0
aksam,2021,7,RAYLI,6291.0,3564.5987919249724,5824.367320749886,1.0,169.0,585.0,4693.0,38036.0
aksam,2021,8,DENİZ,10477.0,273.2413858929083,425.38684307292925,1.0,31.0,100.0,353.0,3523.0
aksam,2021,8,OTOYOL,210322.0,152.51988855183956,1053.0558340735247,1.0,14.0,44.0,127.0,55133.0
aksam,2021,8,RAYLI,6132.0,3856.304631441618,6304.065359324247,1.0,173.75,636.0,4903.25,38860.0
aksam,2021,9,DENİZ,9767.0,267.39008907545815,450.30513783161405,1.0,28.0,96.0,329.5,4284.0
aksam,2021,9,OTOYOL,210713.0,176.2766416879832,1213.1525979098194,1.0,14.0,49.0,145.0,64865.0
aksam,2021,9,RAYLI,6067.0,4504.344816218889,7408.425109482436,1.0,237.0,756.0,5413.0,45920.0
aksam,2021,10,DENİZ,9745.0,290.780708055413,522.6031362423853,1.0,26.0,97.0,352.0,5178.0
aksam,2021,10,OTOYOL,215733.0,192.10006350442444,1350.8102200093656,1.0,15.0,51.0,154.0,70838.0
aksam,2021,10,RAYLI,6292.0,5131.253973299428,8689.102392932986,1.0,249.5,944.5,5734.75,52236.0
aksam,2021,11,DENİZ,8982.0,267.0042306835894,508.22522813402765,1.0,22.0,82.0,303.75,4979.0
aksam,2021,11,OTOYOL,211970.0,193.67999716941077,1404.3573897098204,1.0,14.0,50.0,152.0,71807.0
aksam,2021,11,RAYLI,6041.0,5346.484853501076,9136.2788438398,1.0,244.0,1008.0,5770.0,58949.0
aksam,2021,12,DENİZ,9915.0,230.876046394352,459.50417562618054,1.0,19.0,71.0,262.0,4917.0
aksam,2021,12,OTOYOL,218952.0,197.66270689466185,1388.6890246854562,1.0,14.0,51.0,158.0,71608.0
aksam,2021,12,RAYLI,6275.0,5417.017370517929,9225.380126288288,1.0,220.5,1036.0,5737.0,55544.0
aksam,2022,1,DENİZ,10638.0,179.17493889828916,354.2429266611708,1.0,15.0,54.0,188.0,3867.0
aksam,2022,1,OTOYOL,211253.0,171.21647029864664,1169.1924498110302,1.0,12.0,44.0,136.0,63126.0
aksam,2022,1,RAYLI,6254.0,4517.216341541413,7555.043839513192,1.0,181.0,906.5,5028.0,48107.0
aksam,2022,2,DENİZ,9898.0,223.07991513437057,444.64403635389425,1.0,17.0,67.0,232.0,4867.0
aksam,2022,2,OTOYOL,196712.0,192.81956870958558,1271.3089673723632,1.0,14.0,50.0,157.0,64950.0
aksam,2022,2,RAYLI,5672.0,5222.485895627645,8716.735221213668,1.0,211.0,1066.5,5670.25,51467.0
aksam,2022,3,DENİZ,10814.0,200.50749029036433,436.6199877208547,1.0,15.0,57.0,195.0,5066.0
aksam,2022,3,OTOYOL,217536.0,203.4154852530156,1355.5349235535218,1.0,14.0,50.0,163.0,71223.0
aksam,2022,3,RAYLI,6231.0,5538.321136254212,9397.96059766425,1.0,208.5,1201.0,5878.5,57731.0
aksam,2022,4,DENİZ,10724.0,226.266318537859,471.32281493418446,1.0,17.0,64.0,225.25,5519.0
aksam,2022,4,OTOYOL,211154.0,195.79492218949204,1361.1422591803457,1.0,13.0,48.0,158.0,76761.0
aksam,2022,4,RAYLI,6089.0,5283.818525209394,9472.84880588156,1.0,205.0,1010.0,5205.0,62259.0
aksam,2022,5,DENİZ,11472.0,305.0976290097629,571.7835131408604,1.0,26.0,90.0,331.0,5331.0
aksam,2022,5,OTOYOL,215764.0,211.36532971209283,1341.858399515106,1.0,17.0,58.0,182.0,70117.0
aksam,2022,5,RAYLI,6236.0,5773.779345734445,9613.14360951494,1.0,257.0,1340.0,6451.5,58299.0
aksam,2022,6,DENİZ,11203.0,268.4492546639293,511.8249659228687,1.0,24.0,87.0,293.0,5120.0
aksam,2022,6,OTOYOL,212538.0,201.7093649135684,1353.1208867611376,1.0,15.0,53.0,168.0,69681.0
aksam,2022,6,RAYLI,6141.0,5498.223579221625,9425.791918553097,1.0,238.0,1139.0,5840.0,59001.0
aksam,2022,7,DENİZ,11635.0,294.05620971207566,511.81378763126264,1.0,29.0,96.0,329.0,4826.0
aksam,2022,7,OTOYOL,210648.0,174.22342486043067,1101.43776040816,1.0,16.0,51.0,153.0,64069.0
aksam,2022,7,RAYLI,6361.0,4513.735890583242,7578.926899263919,1.0,224.0,925.0,5485.0,53916.0
aksam,2022,8,DENİZ,11644.0,266.3702335967022,465.8324350067675,1.0,26.0,93.0,297.0,4233.0
aksam,2022,8,OTOYOL,217253.0,177.7539366544996,1204.7869167398856,1.0,15.0,50.0,152.0,64967.0
aksam,2022,8,RAYLI,6359.0,4885.626670860198,8299.394195343833,1.0,225.0,963.0,5606.0,56004.0
aksam,2022,9,DENİZ,10880.0,263.5650735294118,483.4013066085013,1.0,26.0,92.0,300.0,5268.0
aksam,2022,9,OTOYOL,215316.0,202.46091790670457,1352.1575034601358,1.0,16.0,55.0,171.0,73803.0
aksam,2022,9,RAYLI,6160.0,5660.499350649351,9587.845352273189,1.0,252.0,1179.0,6232.0,63018.0
aksam,2022,10,DENİZ,11247.0,278.86005156930736,587.4872131846345,1.0,22.0,82.0,283.5,8351.0
aksam,2022,10,OTOYOL,220885.0,226.15403943228378,1567.5143278297464,1.0,17.0,59.0,188.0,82000.0
aksam,2022,10,RAYLI,6379.0,6532.950305690547,11182.744272759493,1.0,260.0,1492.0,6618.5,72422.0
aksam,2022,11,DENİZ,12729.0,209.70382590934088,487.21424649212577,1.0,14.0,54.0,179.0,5765.0
aksam,2022,11,OTOYOL,216346.0,220.39560703687613,1584.625085715596,1.0,16.0,55.0,180.0,82027.0
aksam,2022,11,RAYLI,6445.0,6123.3208688906125,10878.917526704163,1.0,222.0,1134.0,5913.0,68352.0
aksam,2022,12,DENİZ,13589.0,192.31488704098905,462.1793892759933,1.0,12.0,46.0,158.0,5725.0
aksam,2022,12,OTOYOL,224171.0,220.8464788041272,1571.8371560594785,1.0,15.0,55.0,181.0,81658.0
aksam,2022,12,RAYLI,6751.0,6082.787290771737,10888.794303112205,1.0,208.0,1010.0,5846.5,67866.0
aksam,2023,1,DENİZ,14393.0,182.79420551657054,345.9201473790634,1.0,14.0,52.0,177.0,3587.0
aksam,2023,1,OTOYOL,222409.0,204.4263586455584,1464.7214683817156,1.0,14.0,49.0,168.0,80276.0
aksam,2023,1,RAYLI,7121.0,5436.510602443477,10103.056544812342,1.0,177.0,955.0,4421.0,70322.0
aksam,2023,2,DENİZ,12478.0,159.98613559865362,304.2119884661706,1.0,13.0,46.0,154.0,3109.0
aksam,2023,2,OTOYOL,199391.0,186.98041536478578,1315.0858816765444,1.0,13.0,47.0,153.0,74059.0
aksam,2023,2,RAYLI,6497.0,4886.934431275973,9005.678689007342,1.0,176.0,896.0,4085.0,62701.0
aksam,2023,3,DENİZ,14023.0,160.06524994651645,307.30972364316,1.0,13.0,47.0,152.0,3415.0
aksam,2023,3,OTOYOL,222161.0,203.83166262305267,1404.7307278590142,1.0,14.0,49.0,170.0,76993.0
aksam,2023,3,RAYLI,7236.0,5203.8450801547815,9662.177606550711,1.0,177.0,890.0,4216.25,65627.0
aksam,2023,4,DENİZ,11964.0,194.0989635573387,368.4072621350952,1.0,15.0,54.0,189.0,3685.0
aksam,2023,4,OTOYOL,185150.0,188.7909748852282,1348.3969022045515,1.0,13.0,48.0,154.0,79401.0
aksam,2023,4,RAYLI,6087.0,5074.3267619517,9443.991156829363,1.0,191.0,931.0,4655.0,68761.0
aksam,2023,5,DENİZ,14152.0,203.88920293951384,365.5711933170317,1.0,18.0,62.0,199.0,3242.0
aksam,2023,5,OTOYOL,220999.0,205.34040878013022,1403.2500110405215,1.0,15.0,52.0,172.0,76042.0
aksam,2023,5,RAYLI,7248.0,5430.2206125827815,9918.70155268677,1.0,203.0,979.0,4609.25,66613.0
aksam,2023,6,DENİZ,13979.0,221.67408255240002,369.29617011551977,1.0,21.0,72.0,229.0,3059.0
aksam,2023,6,OTOYOL,211716.0,187.4051559636494,1305.872610208469,1.0,15.0,51.0,156.0,75454.0
aksam,2023,6,RAYLI,6978.0,5036.33003725996,9132.932342728483,1.0,215.0,970.5,4666.75,65248.0
aksam,2023,7,DENİZ,14392.0,194.2017787659811,316.09442211717476,1.0,21.0,70.0,201.0,2698.0
aksam,2023,7,OTOYOL,213859.0,174.2258684460322,1227.6889896157722,1.0,15.0,48.0,147.0,69185.0
aksam,2023,7,RAYLI,7051.0,4622.079421358672,8396.103137026847,1.0,184.0,866.0,4234.5,58463.0
gece,2020,1,DENİZ,3626.0,78.49641478212907,203.59371743805383,1.0,5.0,15.0,52.0,3325.0
gece,2020,1,OTOYOL,97093.0,87.8142605543139,565.8308698858441,1.0,7.0,23.0,65.0,24501.0
gece,2020,1,RAYLI,3596.0,1349.8701334816462,2464.831774332408,1.0,45.0,260.0,1332.5,18225.0
gece,2020,2,DENİZ,3389.0,88.61935674240189,236.2884626775276,1.0,5.0,15.0,54.0,3535.0
gece,2020,2,OTOYOL,89958.0,92.66971253251518,610.6037661177322,1.0,7.0,23.0,67.0,25863.0
gece,2020,2,RAYLI,3440.0,1385.6476744186045,2572.2494841741864,1.0,47.0,279.5,1346.75,19737.0
gece,2020,3,DENİZ,3223.0,58.42941358982315,199.10415106345434,1.0,3.0,8.0,28.0,3583.0
gece,2020,3,OTOYOL,83583.0,63.89159278800713,471.61264143121815,1.0,4.0,13.0,42.0,26243.0
gece,2020,3,RAYLI,3343.0,850.5865988632964,1944.9361761014698,1.0,19.0,134.0,664.5,16956.0
gece,2020,4,DENİZ,1297.0,5.055512721665382,8.14869541384152,1.0,1.0,2.0,5.0,81.0
gece,2020,4,OTOYOL,43217.0,15.782863225119744,81.34901314555827,1.0,2.0,5.0,13.0,3876.0
gece,2020,4,RAYLI,1246.0,94.18619582664526,162.95192284440625,1.0,4.0,29.0,98.75,1252.0
gece,2020,5,DENİZ,1255.0,8.512350597609561,16.44864315666083,1.0,2.0,4.0,8.0,254.0
gece,2020,5,OTOYOL,38585.0,22.39992224957885,144.12228144211502,1.0,2.0,6.0,17.0,8742.0
gece,2020,5,RAYLI,1314.0,191.78310502283105,349.91020846354337,1.0,5.25,40.0,214.5,2768.0
gece,2020,6,DENİZ,2974.0,45.19636852723605,98.21131093011404,1.0,4.0,13.0,39.0,1042.0
gece,2020,6,OTOYOL,75150.0,53.548449767132404,333.17843624516394,1.0,5.0,15.0,41.0,15365.0
gece,2020,6,RAYLI,2789.0,736.7436357117247,1141.7998992534858,1.0,25.0,222.0,931.0,7231.0
gece,2020,7,DENİZ,3621.0,72.21430544048606,148.85664587722368,1.0,6.0,19.0,61.0,1336.0
gece,2020,7,OTOYOL,82929.0,68.27961268072688,429.7228916198875,1.0,6.0,19.0,52.0,16278.0
gece,2020,7,RAYLI,2979.0,1045.982880161128,1600.532195334785,1.0,36.0,263.0,1394.5,9394.0
gece,2020,8,DENİZ,3609.0,80.86561374341923,167.0069403727517,1.0,7.0,21.0,72.0,1680.0
gece,2020,8,OTOYOL,83838.0,70.88130680598297,442.48485268122,1.0,6.0,20.0,54.0,18557.0
gece,2020,8,RAYLI,3035.0,1109.9690280065897,1738.9381795936456,1.0,43.0,257.0,1417.5,13462.0
gece,2020,9,DENİZ,3489.0,64.58096875895671,141.34834541793165,1.0,5.0,15.0,48.0,1211.0
gece,2020,9,OTOYOL,82027.0,66.27818888902435,416.74988169115636,1.0,5.0,17.0,49.0,15506.0
gece,2020,9,RAYLI,2953.0,982.8242465289536,1551.2672725906464,1.0,37.0,244.0,1212.0,9206.0
gece,2020,10,DENİZ,3520.0,59.34715909090909,139.16427145851756,1.0,4.0,13.0,43.0,1325.0
gece,2020,10,OTOYOL,83667.0,65.97831881147884,412.5084417653165,1.0,5.0,17.0,49.0,15863.0
gece,2020,10,RAYLI,3044.0,980.2089356110381,1550.9246081070028,1.0,36.75,258.0,1187.5,8726.0
gece,2020,11,DENİZ,2950.0,34.271186440677965,95.49433600926254,1.0,3.0,8.0,22.0,963.0
gece,2020,11,OTOYOL,75393.0,49.64234080087011,330.022688604328,1.0,4.0,12.0,36.0,14337.0
gece,2020,11,RAYLI,3150.0,645.0819047619048,1170.675748768508,1.0,22.25,144.0,672.75,6842.0
gece,2020,12,DENİZ,1758.0,6.5830489192263935,11.634232427466767,1.0,1.0,3.0,7.0,111.0
gece,2020,12,OTOYOL,59223.0,21.373013862857334,108.70165837944946,1.0,2.0,7.0,19.0,5824.0
gece,2020,12,RAYLI,2808.0,188.1260683760684,290.7459745574093,1.0,10.0,66.0,244.0,2129.0
gece,2021,1,DENİZ,1846.0,7.001625135427952,13.82105920594748,1.0,1.0,3.0,7.0,151.0
gece,2021,1,OTOYOL,57875.0,24.088138228941684,132.28901939687094,1.0,2.0,7.0,21.0,8798.0
gece,2021,1,RAYLI,2975.0,211.27798319327732,354.3257096369346,1.0,9.0,67.0,257.5,2882.0
gece,2021,2,DENİZ,1775.0,8.869295774647888,18.528409531394974,1.0,2.0,4.0,8.0,250.0
gece,2021,2,OTOYOL,56152.0,29.503365864083204,175.70590728745535,1.0,3.0,9.0,25.0,11664.0
gece,2021,2,RAYLI,2806.0,280.48111190306486,494.12085760950487,1.0,11.0,83.0,323.75,4043.0
gece,2021,3,DENİZ,2263.0,11.678745028722934,26.283089940399996,1.0,2.0,4.0,11.0,351.0
gece,2021,3,OTOYOL,70068.0,34.70415881714906,210.0864339047654,1.0,3.0,10.0,30.0,11524.0
gece,2021,3,RAYLI,3193.0,368.5756341998121,660.0502074167416,1.0,13.0,104.0,403.0,4995.0
gece,2021,4,DENİZ,1989.0,10.540472599296129,22.798081301814484,1.0,2.0,4.0,11.0,368.0
gece,2021,4,OTOYOL,60140.0,30.534419687396078,185.91758364000245,1.0,3.0,9.0,26.0,14660.0
gece,2021,4,RAYLI,2918.0,295.5870459218643,569.6098916418752,1.0,12.0,84.5,302.0,5867.0
gece,2021,5,DENİZ,2026.0,13.328232971372161,33.37803465705292,1.0,2.0,5.0,13.0,731.0
gece,2021,5,OTOYOL,58068.0,31.44335950954054,177.55673703477856,1.0,3.0,9.0,26.0,13164.0
gece,2021,5,RAYLI,2266.0,295.1363636363636,655.6196182429298,1.0,8.0,56.0,268.0,6736.0
gece,2021,6,DENİZ,3156.0,62.868187579214194,180.5057792543662,1.0,3.0,12.0,40.0,2417.0
gece,2021,6,OTOYOL,76464.0,71.66661435446746,478.82387904779046,1.0,6.0,19.0,54.0,25700.0
gece,2021,6,RAYLI,3446.0,941.695879280325,2160.2709865547454,1.0,20.0,158.0,825.75,23479.0
gece,2021,7,DENİZ,4510.0,111.72771618625278,220.35681141500373,1.0,7.0,26.0,98.0,2291.0
gece,2021,7,OTOYOL,87607.0,89.70673576312394,540.9902685743391,1.0,7.0,25.0,71.0,22971.0
gece,2021,7,RAYLI,4091.0,1324.2129063798582,2499.4541046812515,1.0,43.0,239.0,1347.0,24708.0
gece,2021,8,DENİZ,4686.0,97.63316261203585,193.1895936213206,1.0,6.0,24.0,85.0,1890.0
gece,2021,8,OTOYOL,87688.0,85.26744822552686,510.91295041363355,1.0,7.0,24.0,66.0,19647.0
gece,2021,8,RAYLI,4174.0,1205.4372304743652,2285.206154323513,1.0,38.0,223.0,1210.75,16448.0
gece,2021,9,DENİZ,4161.0,83.28334534967556,187.34304516344778,1.0,5.0,18.0,64.0,2914.0
gece,2021,9,OTOYOL,85750.0,81.47496209912536,501.63923767731137,1.0,6.0,21.0,61.0,20088.0
gece,2021,9,RAYLI,4075.0,1130.8355828220858,2205.967183235096,1.0,41.0,191.0,1083.0,15780.0
gece,2021,10,DENİZ,3996.0,90.7977977977978,229.66253123435558,1.0,5.0,16.0,60.0,4314.0
gece,2021,10,OTOYOL,88648.0,85.27037271004421,532.1194855318275,1.0,6.0,21.0,62.0,21897.0
gece,2021,10,RAYLI,4228.0,1236.9900662251655,2484.628729458627,1.0,45.0,216.0,1075.0,21605.0
gece,2021,11,DENİZ,3467.0,78.41101817132969,207.92597895246934,1.0,5.0,15.0,52.0,4965.0
gece,2021,11,OTOYOL,87010.0,83.40172393977704,529.1841084545807,1.0,6.0,20.0,60.0,23605.0
gece,2021,11,RAYLI,4010.0,1245.6381546134664,2537.009422955149,1.0,43.0,226.0,1039.25,22677.0
gece,2021,12,DENİZ,3742.0,76.57268840192411,219.15283764227172,1.0,4.0,13.0,45.0,6690.0
gece,2021,12,OTOYOL,90224.0,82.99860347579359,524.0674368665041,1.0,6.0,20.0,60.0,21133.0
gece,2021,12,RAYLI,4144.0,1277.2007722007722,2570.5165986835286,1.0,42.0,222.0,1074.0,20086.0
gece,2022,1,DENİZ,3799.0,54.36299026059489,150.03075552386687,1.0,3.0,10.0,36.0,3619.0
gece,2022,1,OTOYOL,85283.0,76.37372043666382,458.01144361150597,1.0,5.0,19.0,55.0,18465.0
gece,2022,1,RAYLI,4356.0,1090.6512855831038,2141.0967717114095,1.0,36.0,189.0,960.5,17577.0
gece,2022,2,DENİZ,3582.0,67.61222780569514,203.41625472130494,1.0,4.0,12.0,43.0,6598.0
gece,2022,2,OTOYOL,80721.0,84.95500551281575,513.4431950820516,1.0,6.0,21.0,63.0,20779.0
gece,2022,2,RAYLI,3741.0,1306.711307137129,2572.1102137988305,1.0,45.0,225.0,1152.0,22745.0
gece,2022,3,DENİZ,3785.0,69.13025099075297,201.28685813140316,1.0,4.0,12.0,43.0,4874.0
gece,2022,3,OTOYOL,88442.0,90.69201284457611,562.0075270914375,1.0,6.0,22.0,65.0,24608.0
gece,2022,3,RAYLI,4316.0,1392.498378127896,2827.72537821437,1.0,39.0,243.0,1114.25,25102.0
gece,2022,4,DENİZ,4036.0,94.36744301288404,274.55409205237555,1.0,4.0,15.0,58.0,6647.0
gece,2022,4,OTOYOL,89527.0,103.19705787080993,642.1696353937759,1.0,7.0,24.0,73.0,26528.0
gece,2022,4,RAYLI,5207.0,1450.8613405031688,3139.76440574847,1.0,40.0,249.0,1073.5,28078.0
gece,2022,5,DENİZ,4383.0,111.95687885010267,303.3193133539554,1.0,5.0,19.0,73.0,6959.0
gece,2022,5,OTOYOL,92584.0,112.6429944698868,689.8201011844017,1.0,8.0,28.0,85.0,28994.0
gece,2022,5,RAYLI,4659.0,1756.0972311654862,3575.431777753707,1.0,49.0,322.0,1430.0,32011.0
gece,2022,6,DENİZ,4408.0,111.7665607985481,262.62156500554,1.0,5.0,21.0,78.0,2329.0
gece,2022,6,OTOYOL,91770.0,113.22051868802441,679.8961256635669,1.0,8.0,28.0,84.0,25885.0
gece,2022,6,RAYLI,4310.0,1803.3104408352667,3603.757271347376,1.0,58.0,338.0,1431.75,24938.0
gece,2022,7,DENİZ,4830.0,116.10952380952381,255.21734534604104,1.0,6.0,25.0,91.0,4684.0
gece,2022,7,OTOYOL,92518.0,106.02073110097494,616.7465296997691,1.0,8.0,29.0,84.0,26305.0
gece,2022,7,RAYLI,4712.0,1629.1994906621392,3241.311566984648,1.0,49.0,296.5,1402.5,34008.0
gece,2022,8,DENİZ,4716.0,108.24936386768448,261.7479358447768,1.0,6.0,24.0,81.0,5128.0
gece,2022,8,OTOYOL,95004.0,99.16967706622879,594.2397241788635,1.0,8.0,26.0,77.0,22947.0
gece,2022,8,RAYLI,4764.0,1579.0732577665826,3143.041921340137,1.0,44.0,318.0,1357.25,25242.0
gece,2022,9,DENİZ,4375.0,93.87931428571429,234.1480936050915,1.0,5.0,19.0,66.0,6689.0
gece,2022,9,OTOYOL,91711.0,96.97391806871586,596.8429455594426,1.0,7.0,25.0,74.0,24009.0
gece,2022,9,RAYLI,4390.0,1569.3890660592256,3132.219688081864,1.0,54.0,287.0,1304.75,25593.0
gece,2022,10,DENİZ,4322.0,100.49907450254511,319.90161011143044,1.0,5.0,17.0,58.0,7289.0
gece,2022,10,OTOYOL,94078.0,99.79957056910223,639.4351781977214,1.0,7.0,25.0,74.0,27815.0
gece,2022,10,RAYLI,4553.0,1667.3270371183835,3444.9509938727597,1.0,53.0,298.0,1281.0,34802.0
gece,2022,11,DENİZ,4218.0,72.71669037458511,203.68188849636573,1.0,4.0,13.0,43.0,2482.0
gece,2022,11,OTOYOL,91576.0,94.59258976150957,611.5341815823432,1.0,6.0,23.0,70.0,25144.0
gece,2022,11,RAYLI,4304.0,1477.236059479554,3083.8102349192463,1.0,40.0,223.0,1128.5,28612.0
gece,2022,12,DENİZ,4607.0,73.84653787714348,225.13906181819817,1.0,3.0,11.0,40.0,5490.0
gece,2022,12,OTOYOL,94322.0,95.84908080829499,616.4023663270724,1.0,6.0,23.0,70.0,24868.0
gece,2022,12,RAYLI,4710.0,1485.9152866242039,3137.590174622243,1.0,41.0,220.0,1122.0,24681.0
gece,2023,1,DENİZ,4886.0,63.09537453950061,172.47722443533823,1.0,3.0,11.0,43.0,3543.0
gece,2023,1,OTOYOL,94108.0,91.02020019552005,578.5822932815382,1.0,6.0,22.0,68.0,23835.0
gece,2023,1,RAYLI,4915.0,1372.4156663275687,2966.42629947046,1.0,33.0,210.0,941.0,26504.0
gece,2023,2,DENİZ,4078.0,50.36758214811182,132.19006540136354,1.0,3.0,10.0,36.75,3422.0
gece,2023,2,OTOYOL,84702.0,83.18438761776581,521.9310138686047,1.0,6.0,21.0,64.0,21850.0
gece,2023,2,RAYLI,4591.0,1175.8255282073621,2601.0608372621773,1.0,30.0,171.0,822.5,28295.0
gece,2023,3,DENİZ,4587.0,61.2435142794855,152.31833745660796,1.0,3.0,12.0,46.0,3268.0
gece,2023,3,OTOYOL,95024.0,90.1975921872369,566.4323589367543,1.0,6.0,22.0,68.0,24467.0
gece,2023,3,RAYLI,5037.0,1319.7347627556085,2847.0716812873216,1.0,34.0,202.0,910.0,25185.0
gece,2023,4,DENİZ,4103.0,75.05313185474043,173.08154146082506,1.0,4.0,15.0,57.0,2489.0
gece,2023,4,OTOYOL,81864.0,98.49116827909704,646.464005316312,1.0,6.0,23.0,71.0,30230.0
gece,2023,4,RAYLI,4738.0,1507.3429717180245,3330.3476302527893,1.0,33.0,222.0,1098.5,36221.0
gece,2023,5,DENİZ,4869.0,72.69562538508934,162.7759668675045,1.0,4.0,15.0,55.0,1569.0
gece,2023,5,OTOYOL,96423.0,99.4889704738496,637.7594181340495,1.0,6.0,24.0,73.0,26386.0
gece,2023,5,RAYLI,5192.0,1533.8391756548535,3370.496697035291,1.0,37.0,247.5,1139.0,30693.0
gece,2023,6,DENİZ,5092.0,92.63354281225452,198.5159129791101,1.0,5.0,20.0,72.0,3636.0
gece,2023,6,OTOYOL,94444.0,105.54057430858498,674.2721104709439,1.0,7.0,26.0,79.0,27346.0
gece,2023,6,RAYLI,5020.0,1711.0549800796812,3604.1305351347632,1.0,48.0,299.5,1306.75,30950.0
gece,2023,7,DENİZ,5592.0,82.26663090128756,163.85156581595714,1.0,5.0,20.0,68.0,2302.0
gece,2023,7,OTOYOL,97163.0,99.55977069460597,621.3260314492659,1.0,7.0,25.0,76.0,24899.0
gece,2023,7,RAYLI,5133.0,1609.6017923241768,3377.8553337727503,1.0,46.0,308.0,1310.0,30354.0
ogle,2020,1,DENİZ,4868.0,223.12941659819228,369.39074458301224,1.0,23.0,73.0,286.25,3610.0
ogle,2020,1,OTOYOL,100150.0,200.35754368447328,1095.73856074815,1.0,15.0,54.0,171.0,47099.0
ogle,2020,1,RAYLI,2585.0,4557.302901353965,6474.525793142195,1.0,233.0,1067.0,6913.0,33624.0
ogle,2020,2,DENİZ,4560.0,232.70811403508773,402.8493716682654,1.0,27.0,76.0,289.0,3867.0
ogle,2020,2,OTOYOL,93638.0,201.9802751019885,1114.8998238541558,1.0,14.0,53.0,171.0,45918.0
ogle,2020,2,RAYLI,2494.0,4439.843624699278,6265.269236841604,1.0,231.0,1158.0,6172.0,32849.0
ogle,2020,3,DENİZ,4713.0,143.90112454911946,327.0811432386732,1.0,10.0,39.0,127.0,5113.0
ogle,2020,3,OTOYOL,94572.0,127.2003764327708,809.2866973620056,1.0,8.0,27.0,92.0,47643.0
ogle,2020,3,RAYLI,2539.0,2617.4261520283576,4667.916937586936,1.0,81.0,600.0,2653.0,30418.0
ogle,2020,4,DENİZ,3006.0,25.359946773120427,35.3842540800635,1.0,4.0,10.0,32.0,298.0
ogle,2020,4,OTOYOL,65138.0,34.911971506647426,172.2311724321909,1.0,4.0,12.0,33.0,7497.0
ogle,2020,4,RAYLI,1538.0,661.7308192457738,769.253438519126,1.0,36.0,367.0,931.75,4210.0
ogle,2020,5,DENİZ,2288.0,49.90821678321678,70.16732679590096,1.0,5.0,17.0,69.0,552.0
ogle,2020,5,OTOYOL,55350.0,48.126666666666665,271.6970836462616,1.0,5.0,14.0,43.0,13383.0
ogle,2020,5,RAYLI,1528.0,907.8507853403141,1275.2559818482418,1.0,38.75,195.0,1424.25,7320.0
ogle,2020,6,DENİZ,4326.0,103.03328710124826,142.34005948197154,1.0,14.0,40.0,138.0,1122.0
ogle,2020,6,OTOYOL,89009.0,83.08587895606063,463.4885876947801,1.0,8.0,26.0,73.0,19827.0
ogle,2020,6,RAYLI,2137.0,1950.0233972859148,2332.849951351292,1.0,103.0,959.0,2946.0,10711.0
ogle,2020,7,DENİZ,4726.0,166.27190012695726,214.26657856416875,1.0,25.0,72.0,225.0,1779.0
ogle,2020,7,OTOYOL,94009.0,106.68377495771682,576.2385999414139,1.0,10.0,34.0,95.0,23756.0
ogle,2020,7,RAYLI,2388.0,2412.5887772194305,2922.5497460418583,1.0,120.0,1197.0,3691.25,13034.0
ogle,2020,8,DENİZ,4680.0,184.03867521367522,244.59095748230072,1.0,27.0,80.0,245.0,2042.0
ogle,2020,8,OTOYOL,93901.0,115.91192852046304,605.9417138048361,1.0,11.0,37.0,105.0,24368.0
ogle,2020,8,RAYLI,2637.0,2377.3784603716344,3089.254713312587,1.0,108.0,896.0,3796.0,14420.0
ogle,2020,9,DENİZ,4539.0,159.21304252037893,213.96381287267573,1.0,24.0,67.0,216.0,1846.0
ogle,2020,9,OTOYOL,93023.0,123.0455371252271,654.7976654201216,1.0,11.0,38.0,110.0,28151.0
ogle,2020,9,RAYLI,2591.0,2496.2292551138557,3305.8558913613924,1.0,114.0,937.0,4146.0,15822.0
ogle,2020,10,DENİZ,4766.0,167.5803608896349,240.3153536430743,1.0,23.0,66.0,218.0,2094.0
ogle,2020,10,OTOYOL,95589.0,133.84801598510288,714.3736674346461,1.0,12.0,40.0,118.0,31146.0
ogle,2020,10,RAYLI,2685.0,2735.2581005586594,3661.0741145436996,1.0,121.0,982.0,4461.0,17961.0
ogle,2020,11,DENİZ,4513.0,119.4216707290051,173.27681406037487,1.0,16.0,47.0,159.0,1679.0
ogle,2020,11,OTOYOL,91759.0,112.2207848821369,609.8849462671166,1.0,9.0,32.0,97.0,26632.0
ogle,2020,11,RAYLI,2766.0,2237.4323933477945,3019.259768978242,1.0,100.0,858.0,3339.5,15609.0
ogle,2020,12,DENİZ,4156.0,89.48267564966314,135.03947789549557,1.0,10.0,33.0,112.25,1316.0
ogle,2020,12,OTOYOL,84834.0,80.7033264964519,531.0633552244808,1.0,6.0,22.0,66.0,24416.0
ogle,2020,12,RAYLI,2532.0,1754.1070300157978,2745.1744986521576,1.0,70.0,349.5,2609.0,15378.0
ogle,2021,1,DENİZ,4059.0,84.75511209657552,133.20319931182533,1.0,8.0,30.0,100.0,1188.0
ogle,2021,1,OTOYOL,81728.0,79.2741532889585,538.3519592970865,1.0,6.0,21.0,64.0,23329.0
ogle,2021,1,RAYLI,2499.0,1700.8175270108043,2714.719873930284,1.0,95.0,376.0,2097.5,15047.0
ogle,2021,2,DENİZ,3761.0,111.51475671363998,168.30165059604053,1.0,11.0,44.0,137.0,1337.0
ogle,2021,2,OTOYOL,75825.0,96.43154632377184,636.1838545368256,1.0,8.0,28.0,82.0,26498.0
ogle,2021,2,RAYLI,2418.0,2044.100082712986,3178.930235502628,1.0,104.0,468.5,2740.0,18150.0
ogle,2021,3,DENİZ,4620.0,147.52294372294372,225.13993174271602,1.0,15.0,56.0,194.0,2414.0
ogle,2021,3,OTOYOL,90807.0,129.4299448280419,775.9107901992758,1.0,11.0,38.0,111.0,36138.0
ogle,2021,3,RAYLI,2834.0,2745.201834862385,4142.525684803764,1.0,141.25,576.5,4293.25,27060.0
ogle,2021,4,DENİZ,4107.0,114.9464329194059,176.2304389488098,1.0,12.0,47.0,145.0,1761.0
ogle,2021,4,OTOYOL,81900.0,102.7089010989011,655.6365353965074,1.0,9.0,30.0,88.0,29379.0
ogle,2021,4,RAYLI,2545.0,2146.4330058939095,3460.50476166613,1.0,114.0,463.0,2691.0,20661.0
ogle,2021,5,DENİZ,3877.0,94.35413979881352,167.8812088973632,1.0,10.0,36.0,95.0,2178.0
ogle,2021,5,OTOYOL,82301.0,75.12278101116632,496.2438881278307,1.0,6.0,20.0,61.0,26220.0
ogle,2021,5,RAYLI,2315.0,1684.236717062635,2988.9963834729638,1.0,123.0,447.0,1756.5,20686.0
ogle,2021,6,DENİZ,4314.0,183.70190078813167,252.86970104128696,1.0,25.0,83.0,246.0,2436.0
ogle,2021,6,OTOYOL,88791.0,125.86942370285277,751.7633325198777,1.0,11.0,38.0,108.0,34306.0
ogle,2021,6,RAYLI,2907.0,2707.78259373925,4328.981355339764,1.0,123.0,442.0,3978.5,28773.0
ogle,2021,7,DENİZ,4831.0,228.75098323328504,292.0801470571625,1.0,34.0,111.0,310.0,2003.0
ogle,2021,7,OTOYOL,92371.0,132.7746911909582,717.6438865734647,1.0,13.0,42.0,120.0,32102.0
ogle,2021,7,RAYLI,3161.0,2696.253084466941,4274.187308848063,1.0,118.0,431.0,3992.0,27271.0
ogle,2021,8,DENİZ,4838.0,213.82513435303844,269.0188499526867,1.0,31.0,101.0,307.0,1987.0
ogle,2021,8,OTOYOL,93608.0,131.47323946671224,717.3456292562586,1.0,12.0,40.0,116.0,30095.0
ogle,2021,8,RAYLI,3077.0,2771.6948326291845,4355.22618879229,1.0,117.0,431.0,4248.0,25225.0
ogle,2021,9,DENİZ,4614.0,211.68682271348072,288.3784991663704,1.0,29.0,87.5,293.0,2746.0
ogle,2021,9,OTOYOL,93541.0,154.150842945874,855.9250348814543,1.0,13.0,45.0,132.0,38312.0
ogle,2021,9,RAYLI,3058.0,3162.853826030085,5041.996167995685,1.0,187.0,452.0,4945.0,34348.0
ogle,2021,10,DENİZ,4719.0,234.7005721551176,345.211037526235,1.0,27.0,88.0,323.0,3269.0
ogle,2021,10,OTOYOL,96631.0,177.06344754788836,1022.5414552443802,1.0,14.0,48.0,149.0,44722.0
ogle,2021,10,RAYLI,3162.0,3822.3662239089185,6255.96870033723,1.0,214.0,582.5,5451.25,40427.0
ogle,2021,11,DENİZ,4257.0,228.34437397228095,351.00872133058283,1.0,27.0,80.0,307.0,3036.0
ogle,2021,11,OTOYOL,94375.0,180.9074331125828,1057.1257688318033,1.0,13.0,48.0,150.0,43099.0
ogle,2021,11,RAYLI,3047.0,3936.86478503446,6487.132577462429,1.0,210.0,615.0,5388.5,45817.0
ogle,2021,12,DENİZ,4788.0,193.91228070175438,308.2721855299317,1.0,22.0,66.0,252.0,3352.0
ogle,2021,12,OTOYOL,97364.0,180.2455938539912,1017.6852820154648,1.0,14.0,48.0,150.0,42178.0
ogle,2021,12,RAYLI,3159.0,3864.6407090851535,6321.297346550791,1.0,193.0,613.0,5321.0,41956.0
ogle,2022,1,DENİZ,5228.0,149.2721882172915,241.82934028224187,1.0,18.0,53.0,188.0,2200.0
ogle,2022,1,OTOYOL,95276.0,160.15843444309164,882.4164607106501,1.0,12.0,43.0,135.0,36573.0
ogle,2022,1,RAYLI,3158.0,3335.034198860038,5340.629313434113,1.0,167.0,573.0,4568.0,31837.0
ogle,2022,2,DENİZ,4782.0,188.97741530740277,307.9224021126599,1.0,21.0,63.0,234.0,3463.0
ogle,2022,2,OTOYOL,87677.0,175.8037113496128,949.5036901127163,1.0,14.0,47.0,151.0,41682.0
ogle,2022,2,RAYLI,2855.0,3781.7180385288966,6145.853037098783,1.0,188.0,650.0,5231.5,43193.0
ogle,2022,3,DENİZ,5233.0,164.35027708771258,290.18613231513274,1.0,17.0,53.0,192.0,3408.0
ogle,2022,3,OTOYOL,97001.0,180.40786177462087,996.2594670662974,1.0,13.0,46.0,150.0,43770.0
ogle,2022,3,RAYLI,3145.0,3939.0823529411764,6423.915978335533,1.0,183.0,745.0,5303.0,42473.0
ogle,2022,4,DENİZ,5246.0,189.8028974456729,318.17786998580715,1.0,21.0,65.0,226.0,3107.0
ogle,2022,4,OTOYOL,94841.0,186.6779557364431,1007.4565597424298,1.0,14.0,49.0,161.0,40555.0
ogle,2022,4,RAYLI,3058.0,3923.2155003270113,6444.162413784967,1.0,185.0,739.0,5180.25,41109.0
ogle,2022,5,DENİZ,5601.0,251.80878414568826,401.57715550417583,1.0,31.0,86.0,308.0,3482.0
ogle,2022,5,OTOYOL,97637.0,196.96703094113911,1057.0078056268342,1.0,16.0,55.0,177.0,43724.0
ogle,2022,5,RAYLI,3129.0,4362.046021093001,7068.346917189569,1.0,219.0,909.0,5836.0,47620.0
ogle,2022,6,DENİZ,5372.0,211.316269545793,337.15725893348906,1.0,26.0,75.0,273.25,2892.0
ogle,2022,6,OTOYOL,95586.0,187.36252170819995,1025.8889629858518,1.0,15.0,51.0,163.0,44659.0
ogle,2022,6,RAYLI,3039.0,4170.638696939783,6750.147889665328,1.0,212.0,788.0,5788.5,40719.0
ogle,2022,7,DENİZ,5540.0,230.09693140794224,350.25178237599545,1.0,28.0,84.0,297.0,3511.0
ogle,2022,7,OTOYOL,95438.0,158.21462101049897,826.0733966229702,1.0,14.0,48.0,143.0,36386.0
ogle,2022,7,RAYLI,3162.0,3404.825743200506,5521.548149686699,1.0,194.0,603.0,4857.5,45386.0
ogle,2022,8,DENİZ,5470.0,201.85703839122488,290.4542586965414,1.0,26.0,76.0,272.0,2451.0
ogle,2022,8,OTOYOL,96960.0,153.4597050330033,813.9278249572267,1.0,14.0,46.0,139.0,33783.0
ogle,2022,8,RAYLI,3164.0,3418.05404551201,5506.82580554881,1.0,193.0,563.5,4923.25,35090.0
ogle,2022,9,DENİZ,5170.0,206.91624758220502,306.2833734991635,1.0,26.0,81.0,275.0,3266.0
ogle,2022,9,OTOYOL,96015.0,177.8927563401552,946.6049479352495,1.0,15.0,52.0,159.0,40760.0
ogle,2022,9,RAYLI,3062.0,3985.6178967994774,6388.0855255021515,1.0,216.0,732.0,5906.0,43309.0
ogle,2022,10,DENİZ,5437.0,230.13150634541108,397.11697846684643,1.0,25.0,75.0,277.0,4974.0
ogle,2022,10,OTOYOL,99078.0,208.56612971598136,1188.137783234705,1.0,16.0,57.0,181.0,52561.0
ogle,2022,10,RAYLI,3188.0,4794.076850690088,7836.491972773178,1.0,232.0,980.0,6447.75,54817.0
ogle,2022,11,DENİZ,6247.0,181.0630702737314,350.8426084257977,1.0,13.0,50.0,192.0,5341.0
ogle,2022,11,OTOYOL,96180.0,210.13327095030152,1205.8134905729373,1.0,15.0,55.0,180.0,46963.0
ogle,2022,11,RAYLI,3234.0,4534.696042053185,7654.883013796191,1.0,210.0,776.0,6041.25,49948.0
ogle,2022,12,DENİZ,6615.0,160.6464096749811,318.0324485578262,1.0,11.0,43.0,162.0,3668.0
ogle,2022,12,OTOYOL,99760.0,207.56519647153166,1181.8064079915157,1.0,15.0,53.0,179.0,49545.0
ogle,2022,12,RAYLI,3354.0,4450.347942754919,7556.497775475338,1.0,196.0,704.5,5800.5,52600.0
ogle,2023,1,DENİZ,7108.0,154.70568373663477,240.4608200490585,1.0,13.0,50.0,175.25,2853.0
ogle,2023,1,OTOYOL,99455.0,199.46088180584184,1114.6266751643986,1.0,14.0,50.0,173.0,46190.0
ogle,2023,1,RAYLI,3550.0,4080.6408450704225,7211.965610657677,1.0,169.0,664.0,3985.5,46963.0
ogle,2023,2,DENİZ,6177.0,128.71911931358264,200.1963299932034,1.0,12.0,43.0,149.0,1721.0
ogle,2023,2,OTOYOL,89403.0,171.3382213124839,918.559694622144,1.0,12.0,44.0,148.0,43811.0
ogle,2023,2,RAYLI,3240.0,3475.395061728395,6150.209536470178,1.0,159.75,632.5,3613.75,48573.0
ogle,2023,3,DENİZ,6969.0,128.88563638972593,199.76536029831394,1.0,11.0,43.0,144.0,1440.0
ogle,2023,3,OTOYOL,99193.0,183.09691208048955,934.6805491632061,1.0,13.0,47.0,161.0,42572.0
ogle,2023,3,RAYLI,3602.0,3585.444752915047,6293.181827404627,1.0,159.0,649.5,3747.5,44665.0
ogle,2023,4,DENİZ,5940.0,170.12946127946128,284.66013015996816,1.0,15.0,53.0,183.0,3455.0
ogle,2023,4,OTOYOL,83590.0,183.64490967819117,965.5618284196923,1.0,14.0,50.0,160.0,47771.0
ogle,2023,4,RAYLI,3046.0,3742.2268548916613,6573.071324617094,1.0,169.0,692.0,4002.0,56994.0
ogle,2023,5,DENİZ,7071.0,163.5529628058266,250.97418112626343,1.0,16.0,55.0,184.0,1960.0
ogle,2023,5,OTOYOL,99397.0,189.47545700574463,994.1278270212438,1.0,14.0,51.0,165.0,43305.0
ogle,2023,5,RAYLI,3610.0,3943.66648199446,6942.483646557777,1.0,179.0,722.5,4320.25,50582.0
ogle,2023,6,DENİZ,6917.0,176.60112765649848,258.35981420527344,1.0,19.0,63.0,213.0,2684.0
ogle,2023,6,OTOYOL,96426.0,177.91149689917657,971.0542552582034,1.0,14.0,50.0,156.0,49260.0
ogle,2023,6,RAYLI,3466.0,3861.983266012695,6658.866225553784,1.0,187.0,717.5,4435.75,48410.0
ogle,2023,7,DENİZ,6954.0,142.6665228645384,203.14584156460367,1.0,17.0,55.0,175.0,2281.0
ogle,2023,7,OTOYOL,97040.0,145.92978153338828,790.0619853396398,1.0,13.0,42.0,130.0,34052.0
ogle,2023,7,RAYLI,3503.0,3142.5695118469885,5373.673046431462,1.0,152.0,581.0,3727.0,37060.0
sabah,2020,1,DENİZ,9331.0,147.1152073732719,334.56955583326584,1.0,13.0,40.0,127.0,4262.0
sabah,2020,1,OTOYOL,211891.0,180.53571883657165,1121.2544863816502,1.0,11.0,44.0,154.0,62575.0
sabah,2020,1,RAYLI,4864.0,4011.7049753289475,6632.59371069892,1.0,110.0,804.0,5142.75,38249.0
sabah,2020,2,DENİZ,8854.0,160.44420600858368,384.83419187980104,1.0,13.25,43.0,137.0,5172.0
sabah,2020,2,OTOYOL,199826.0,196.55714471590284,1230.4736345547963,1.0,11.0,45.0,167.0,71737.0
sabah,2020,2,RAYLI,4701.0,4203.811104020421,7165.460379743399,1.0,140.0,908.0,5146.0,44215.0
sabah,2020,3,DENİZ,9048.0,107.72292219274978,305.7354221821763,1.0,7.0,25.0,83.0,5402.0
sabah,2020,3,OTOYOL,200067.0,132.18134424967636,942.3619131556492,1.0,7.0,26.0,97.0,71713.0
sabah,2020,3,RAYLI,4760.0,2720.496848739496,5583.526511805777,1.0,65.0,531.5,2536.0,44149.0
sabah,2020,4,DENİZ,6062.0,24.258495546024413,41.64757334899978,1.0,3.0,8.0,24.0,308.0
sabah,2020,4,OTOYOL,151012.0,37.89800810531614,201.16774306042018,1.0,3.0,11.0,33.0,10500.0
sabah,2020,4,RAYLI,3252.0,678.6116236162362,928.9473071718787,1.0,32.75,287.5,899.25,5236.0
sabah,2020,5,DENİZ,5116.0,38.304534792806884,69.27650624600344,1.0,3.0,10.0,37.0,631.0
sabah,2020,5,OTOYOL,146663.0,47.82227964790029,291.3701035222067,1.0,4.0,12.0,39.0,18713.0
sabah,2020,5,RAYLI,3385.0,855.9923190546529,1355.6651835078974,1.0,36.0,216.0,1108.0,8737.0
sabah,2020,6,DENİZ,8221.0,89.25751125167254,157.7258192080536,1.0,10.0,29.0,90.0,1633.0
sabah,2020,6,OTOYOL,188556.0,95.63545577971531,583.966001014962,1.0,7.0,25.0,81.0,33956.0
sabah,2020,6,RAYLI,4144.0,2056.463803088803,2937.265401237829,1.0,91.0,745.5,2763.5,16132.0
sabah,2020,7,DENİZ,9012.0,117.96560142032845,190.4374381785205,1.0,15.0,45.0,137.0,1755.0
sabah,2020,7,OTOYOL,197136.0,111.12725225225225,669.2385540891994,1.0,8.0,30.0,96.0,36074.0
sabah,2020,7,RAYLI,4571.0,2297.970247210676,3317.4159137569136,1.0,91.0,794.0,3048.5,19686.0
sabah,2020,8,DENİZ,8975.0,119.34963788300836,197.49986834996392,1.0,15.0,45.0,134.0,1968.0
sabah,2020,8,OTOYOL,198593.0,113.68380053677622,685.3237306936559,1.0,8.0,30.0,97.0,38776.0
sabah,2020,8,RAYLI,4851.0,2191.8043702329414,3368.8006314263275,1.0,68.0,709.0,2888.0,18940.0
sabah,2020,9,DENİZ,8788.0,113.5449476558944,203.48378165432285,1.0,14.0,40.0,119.0,2066.0
sabah,2020,9,OTOYOL,196522.0,126.1888338201321,776.3135564893911,1.0,8.0,33.0,107.0,42043.0
sabah,2020,9,RAYLI,4820.0,2421.3846473029043,3774.188653181459,1.0,70.0,714.0,3183.0,20156.0
sabah,2020,10,DENİZ,8961.0,108.42662649257895,202.30330118516372,1.0,12.0,35.0,111.0,2217.0
sabah,2020,10,OTOYOL,202048.0,130.02225213810578,799.9800296198867,1.0,8.0,33.0,110.0,46044.0
sabah,2020,10,RAYLI,4974.0,2496.8283071974265,3923.91601734738,1.0,76.0,716.0,3246.75,21610.0
sabah,2020,11,DENİZ,8454.0,86.65306363851431,173.6338510655436,1.0,9.0,26.0,86.0,2062.0
sabah,2020,11,OTOYOL,191875.0,117.28124560260586,724.5567317926401,1.0,7.0,29.0,97.0,42632.0
sabah,2020,11,RAYLI,5104.0,2190.344043887147,3486.5821035811746,1.0,71.0,644.5,2722.5,20815.0
sabah,2020,12,DENİZ,8196.0,73.95204978038068,151.184287317209,1.0,6.0,20.0,69.0,1475.0
sabah,2020,12,OTOYOL,190727.0,101.2087171716642,687.734670830139,1.0,6.0,23.0,80.0,38299.0
sabah,2020,12,RAYLI,4722.0,2059.9705633206268,3418.1398198720512,1.0,66.0,520.0,2481.75,20162.0
sabah,2021,1,DENİZ,7822.0,70.62336998210176,149.76383507672605,1.0,6.0,19.0,63.0,1554.0
sabah,2021,1,OTOYOL,184212.0,100.27795691920178,702.192171196961,1.0,6.0,23.0,78.0,41177.0
sabah,2021,1,RAYLI,4745.0,1983.9881981032665,3456.9663280639966,1.0,72.0,449.0,2120.0,22154.0
sabah,2021,2,DENİZ,7257.0,80.81287033209315,162.52905001889002,1.0,7.0,23.0,75.0,1709.0
sabah,2021,2,OTOYOL,166216.0,118.33905279876787,809.4414155862762,1.0,7.0,29.0,96.0,46613.0
sabah,2021,2,RAYLI,4562.0,2282.8757124068393,3890.2304123759127,1.0,64.25,520.5,2587.0,25747.0
sabah,2021,3,DENİZ,8803.0,103.10541860729298,199.04029688276182,1.0,10.0,31.0,102.0,2167.0
sabah,2021,3,OTOYOL,198337.0,142.2199992941307,940.5433778289881,1.0,9.0,36.0,118.0,55017.0
sabah,2021,3,RAYLI,5353.0,2824.969736596301,4650.1770785974,1.0,82.0,619.0,3499.0,30141.0
sabah,2021,4,DENİZ,8038.0,85.38293107738244,170.94123981713196,1.0,8.0,26.0,81.0,1979.0
sabah,2021,4,OTOYOL,180955.0,121.89306181094747,831.5900787955329,1.0,8.0,30.0,100.0,51136.0
sabah,2021,4,RAYLI,4867.0,2314.3283336757754,4029.199097093652,1.0,77.0,508.0,2612.5,27379.0
sabah,2021,5,DENİZ,7603.0,69.02170195975273,142.86871802186192,1.0,6.0,21.0,64.0,1742.0
sabah,2021,5,OTOYOL,184386.0,90.47138069050796,615.3714754782335,1.0,6.0,21.0,71.0,44599.0
sabah,2021,5,RAYLI,4479.0,1756.2625586068318,3283.751459381815,1.0,87.0,420.0,1711.5,26845.0
sabah,2021,6,DENİZ,8752.0,118.69458409506399,210.65446353693002,1.0,12.0,41.0,124.0,1954.0
sabah,2021,6,OTOYOL,194613.0,139.84936771952542,886.8870476971816,1.0,9.0,35.0,116.0,46912.0
sabah,2021,6,RAYLI,5464.0,2660.13378477306,4557.681670622392,1.0,65.0,443.5,3189.25,29466.0
sabah,2021,7,DENİZ,9398.0,124.52841030006384,201.12734627453582,1.0,15.0,47.0,141.0,2133.0
sabah,2021,7,OTOYOL,195567.0,126.46523186427157,769.9705259945875,1.0,9.0,34.0,108.0,44697.0
sabah,2021,7,RAYLI,5847.0,2273.256199760561,3997.321019454337,1.0,64.0,394.0,2742.0,28332.0
sabah,2021,8,DENİZ,9594.0,128.78642901813635,216.7605032065225,1.0,14.0,47.0,141.0,2213.0
sabah,2021,8,OTOYOL,199754.0,138.3083893188622,851.0784566766971,1.0,10.0,36.0,116.0,44927.0
sabah,2021,8,RAYLI,5706.0,2634.6475639677533,4500.556293714411,1.0,72.0,473.5,3275.25,29344.0
sabah,2021,9,DENİZ,9175.0,131.913242506812,240.12071780082377,1.0,14.0,45.0,140.0,2523.0
sabah,2021,9,OTOYOL,200740.0,162.5739115273488,1014.4632362126003,1.0,10.0,40.0,135.0,58741.0
sabah,2021,9,RAYLI,5796.0,3112.7972739820566,5564.178962894031,1.0,121.0,488.5,3704.25,38440.0
sabah,2021,10,DENİZ,9120.0,136.09934210526316,268.52544635687997,1.0,13.0,41.0,138.0,3053.0
sabah,2021,10,OTOYOL,204557.0,173.63688849562715,1138.1467946433702,1.0,10.0,40.0,144.0,64982.0
sabah,2021,10,RAYLI,6004.0,3418.68654230513,6389.461247749598,1.0,125.0,522.0,3590.75,44104.0
sabah,2021,11,DENİZ,8421.0,135.45600285001782,281.42252806965104,1.0,12.0,39.0,129.0,3190.0
sabah,2021,11,OTOYOL,201003.0,180.51041029238368,1186.9573747189656,1.0,10.0,41.0,148.0,65783.0
sabah,2021,11,RAYLI,5810.0,3647.9886402753873,6713.157282850976,1.0,132.0,550.5,3972.5,44942.0
sabah,2021,12,DENİZ,9286.0,121.99903079905233,262.3769470774891,1.0,10.0,34.0,116.0,3093.0
sabah,2021,12,OTOYOL,207836.0,183.71733001020036,1152.0738062993903,1.0,10.0,42.0,155.0,63505.0
sabah,2021,12,RAYLI,6024.0,3648.1550464807437,6709.940773013666,1.0,129.0,562.0,4070.75,44678.0
sabah,2022,1,DENİZ,9733.0,89.95171067502312,195.61257742375437,1.0,8.0,26.0,87.0,2454.0
sabah,2022,1,OTOYOL,200066.0,156.9005628142713,956.7635152435267,1.0,9.0,36.0,130.0,55071.0
sabah,2022,1,RAYLI,5957.0,3070.171394997482,5570.978107888882,1.0,104.0,538.0,3369.0,39437.0
sabah,2022,2,DENİZ,9046.0,107.15376962193234,227.1352845575515,1.0,9.0,31.0,103.0,2878.0
sabah,2022,2,OTOYOL,186367.0,175.87333594466833,1054.3418865185804,1.0,10.0,40.0,149.0,61563.0
sabah,2022,2,RAYLI,5410.0,3504.9255083179296,6355.03611053185,1.0,119.0,596.0,4054.25,45790.0
sabah,2022,3,DENİZ,9938.0,110.10062386798148,254.05600682054992,1.0,9.0,30.0,102.0,3323.0
sabah,2022,3,OTOYOL,207170.0,188.45969010957185,1164.0623852143374,1.0,10.0,41.0,156.0,65212.0
sabah,2022,3,RAYLI,5961.0,3893.909243415534,7163.900546086016,1.0,130.0,688.0,4353.0,48767.0
sabah,2022,4,DENİZ,9751.0,119.10993744231361,259.52481747778603,1.0,10.0,35.0,112.0,3205.0
sabah,2022,4,OTOYOL,200832.0,185.22890276449968,1127.230204370986,1.0,10.0,41.0,158.0,61782.0
sabah,2022,4,RAYLI,5818.0,3707.2770711584735,6855.2682047767175,1.0,126.0,608.5,4220.25,50462.0
sabah,2022,5,DENİZ,10410.0,134.34466858789625,268.3778978677217,1.0,11.0,42.0,136.0,3456.0
sabah,2022,5,OTOYOL,204485.0,182.85636110228134,1102.4072587093558,1.0,10.0,42.0,157.0,64857.0
sabah,2022,5,RAYLI,5981.0,3643.8376525664603,6821.742897463258,1.0,134.0,634.0,3998.0,49264.0
sabah,2022,6,DENİZ,10359.0,138.51501110145767,281.39494285648254,1.0,12.0,43.0,139.0,3375.0
sabah,2022,6,OTOYOL,202710.0,189.2780573232697,1157.849756819668,1.0,11.0,44.0,163.0,62000.0
sabah,2022,6,RAYLI,5903.0,3910.524309673048,7026.925830327032,1.0,134.0,657.0,4671.5,47965.0
sabah,2022,7,DENİZ,10469.0,131.2934377686503,238.08752532069687,1.0,12.0,40.0,142.0,2779.0
sabah,2022,7,OTOYOL,199960.0,145.87040408081617,877.1330294831542,1.0,10.0,37.0,126.0,51653.0
sabah,2022,7,RAYLI,6025.0,2849.2326970954355,5197.153947307927,1.0,108.0,498.0,3202.0,39400.0
sabah,2022,8,DENİZ,10705.0,131.7211583372256,246.7608356316854,1.0,12.0,40.0,139.0,2816.0
sabah,2022,8,OTOYOL,207103.0,159.87031090809887,988.2241554419357,1.0,10.0,40.0,138.0,52405.0
sabah,2022,8,RAYLI,6050.0,3306.926611570248,5885.980041168574,1.0,123.0,594.0,4090.5,40592.0
sabah,2022,9,DENİZ,10123.0,131.02943791366195,260.843525729104,1.0,12.0,41.0,130.0,3094.0
sabah,2022,9,OTOYOL,204913.0,184.82686310775793,1137.6105056669,1.0,11.0,45.0,159.0,66608.0
sabah,2022,9,RAYLI,5909.0,3857.8937214418684,7050.407074507032,1.0,142.0,644.0,4422.0,50848.0
sabah,2022,10,DENİZ,10293.0,136.91907121344605,308.1512756189672,1.0,12.0,40.0,128.0,4090.0
sabah,2022,10,OTOYOL,210004.0,205.0228805165616,1333.399004185751,1.0,11.0,47.0,174.0,75704.0
sabah,2022,10,RAYLI,6151.0,4404.877743456349,8354.788349574697,1.0,155.0,747.0,5039.5,58865.0
sabah,2022,11,DENİZ,11554.0,114.76423749350874,287.80259570331,1.0,8.0,29.0,96.0,4254.0
sabah,2022,11,OTOYOL,204909.0,205.83984110019568,1342.7513983102197,1.0,11.0,46.0,174.0,75360.0
sabah,2022,11,RAYLI,6236.0,4289.335311096857,8196.931109903726,1.0,118.0,603.0,4792.5,61115.0
sabah,2022,12,DENİZ,12410.0,103.10419016921837,266.22337551433816,1.0,7.0,25.0,81.0,3724.0
sabah,2022,12,OTOYOL,212846.0,202.23263298347163,1291.8686934067186,1.0,11.0,45.0,174.0,72571.0
sabah,2022,12,RAYLI,6486.0,4157.90564292322,8013.255641727925,1.0,102.0,555.0,4351.5,55641.0
sabah,2023,1,DENİZ,12950.0,92.81366795366796,178.04461270456503,1.0,7.0,26.0,89.0,2943.0
sabah,2023,1,OTOYOL,210264.0,187.04410645664498,1197.099138345312,1.0,10.0,41.0,159.0,67937.0
sabah,2023,1,RAYLI,6796.0,3696.976309593879,7276.19795819804,1.0,93.0,496.5,3213.75,53160.0
sabah,2023,2,DENİZ,11363.0,79.0894130071284,147.0421876880105,1.0,6.0,23.0,77.0,2006.0
sabah,2023,2,OTOYOL,187677.0,165.9567235196641,1035.2688827582715,1.0,9.0,38.0,142.0,61853.0
sabah,2023,2,RAYLI,6225.0,3233.741847389558,6289.340977985152,1.0,93.0,492.0,3082.0,48635.0
sabah,2023,3,DENİZ,12847.0,90.96606211566903,181.2760375952917,1.0,8.0,26.0,84.0,2114.0
sabah,2023,3,OTOYOL,210183.0,188.89378779444579,1134.9613424623385,1.0,10.0,42.0,166.0,62148.0
sabah,2023,3,RAYLI,6995.0,3583.4693352394565,7066.468586094694,1.0,105.0,511.0,3304.0,49583.0
sabah,2023,4,DENİZ,10636.0,94.04099285445656,177.86799279531934,1.0,8.0,28.0,90.0,2106.0
sabah,2023,4,OTOYOL,175013.0,167.06861775982355,1015.2124575982269,1.0,9.0,38.0,140.0,59759.0
sabah,2023,4,RAYLI,5869.0,3162.70983131709,6315.404574246064,1.0,95.0,489.0,2767.0,48192.0
sabah,2023,5,DENİZ,12727.0,104.26384851103953,189.79827542040968,1.0,9.0,33.0,103.0,2084.0
sabah,2023,5,OTOYOL,209853.0,185.40092350359538,1129.767806154966,1.0,10.0,43.0,160.0,62850.0
sabah,2023,5,RAYLI,6959.0,3667.3810892369593,7079.8018950900805,1.0,112.0,578.0,3420.0,50024.0
sabah,2023,6,DENİZ,12376.0,106.50056561085972,185.2490582309061,1.0,10.0,33.0,114.0,2170.0
sabah,2023,6,OTOYOL,201544.0,162.709760647799,1032.2665623028126,1.0,10.0,39.0,137.0,60652.0
sabah,2023,6,RAYLI,6711.0,3240.8296826106393,6314.209662975014,1.0,99.0,549.0,2922.5,48310.0
sabah,2023,7,DENİZ,12939.0,104.83970940567278,176.97596317293588,1.0,10.0,34.0,117.0,1628.0
sabah,2023,7,OTOYOL,203800.0,156.9565799803729,994.2115618135797,1.0,10.0,38.0,133.0,54293.0
sabah,2023,7,RAYLI,6748.0,3155.7658565500888,5989.126668825134,1.0,99.0,559.5,3104.0,42884.0
